year,medical_cpi_proxy,oriel_healthcare_spot,cms_official_anchor_yoy,prediction_error_bps,abs_error_bps,within_25bps
2020,0.0,0.0,,,,False
2021,4.503496503496504,4.67972027972028,4.895104895104896,-21.53846153846155,21.53846153846155,True
2022,5.318414918414918,5.925128205128205,6.666666666666665,-74.15384615384602,74.15384615384602,False
2023,7.091666666666662,7.83791666666666,8.749999999999991,-91.20833333333307,91.20833333333307,False
2024,7.726149425287352,7.87007183908046,8.045977011494255,-17.590517241379544,17.590517241379544,True
