service_line,cms_yoy,medical_cpi_proxy,oriel_signal,gap_bps,momentum,confidence
physician,7.14285714285714,7.726149425287352,7.4928325123152675,34.99753694581278,7.14285714285714,High
inpatient_outpatient,8.47457627118644,7.726149425287352,8.025520163646988,-44.90561075394517,8.47457627118644,Medium
